Allstate Insurance,845 N. Garland Ave.,1970-1979,"28.556429075711993, -81.38073366106448"
Pup City,2113 W. Colonial Dr.,1970-1979,"28.553712023477814, -81.40760383222954"
McDonald's Hamburgers,2501 W. Colonial Dr.,1970-1979,"28.553279375713853, -81.41181350339454"
Creative Child Care of Florida&comma; Inc.,1325 W. Colonial Dr.,1970-1979,"28.55320859392853, -81.39838360094751"
Nader Homes&comma; Inc.,1301 W. Colonial Dr.,1970-1979,"28.553191417856848, -81.39775036536501"
Winter Springs Development Corp.,1301 W. Colonial Dr.,1970-1979,"28.553191417856848, -81.39775036536501"
Bell's Key Service,705 W. Colonial Dr.,1970-1979,"28.553184805501044, -81.3891551911753"
Independent Order of Foresters,1323 W. Colonial Dr.,1970-1979,"28.553152305894454, -81.39796449420002"
Val Villanyi-Hausner,724 W. Colonial Dr.,1970-1979,"28.552828581948575, -81.38991002978253"
C.B. Davis&comma; Realtor,1700 W. Colonial Dr.,1970-1979,"28.552596519034864, -81.402865500386"
W.J. Milner & Co.,924 W. Amelia St.,1970-1979,"28.549210800004243, -81.39239746296478"
Original Parts Co.&comma; Inc.,740 W. Amelia St.,1970-1979,"28.549060724316522, -81.3910079206352"
Reed Motors Co.,401 N. Garland,1970-1979,"28.548388751359344, -81.38147776106464"
Florida College of Programming,115 W. Central Blvd.,1970-1979,"28.542122531308603, -81.38107050094753"
Barr Wholesale Co.,118 W. Central Blvd.,1970-1979,"28.542098118249214, -81.38123319604543"
Jones College,1 W. Church St.,1970-1979,"28.540475685211803, -81.37925467933232"
B.E. Purcell Co.,315 W. Church St.,1970-1979,"28.540340254752127, -81.38319148248564"
Beverly's Pharmacy,592 W. Church St.,1970-1979,"28.539904993930392, -81.3866920653651"
Walls & Callahan&comma; M.D.,60 W. Columbia,1970-1979,"28.52761827572786, -81.37896638990033"
Harold & Miller Equipment Co.&comma; Inc.,1021 Grand Ave.,1970-1979,"28.526714349432165, -81.39401466106524"
Crane & Equipment Rental&comma; Inc.,1023 W. Grand Ave.,1970-1979,"28.526710254623172, -81.39435286106524"
Orlando Bolt & Screw Co.,2109 S. Division Ave.,1970-1979,"28.517821875733407, -81.38332606106546"
Manufacturers Buyer's Co.,2701 S. Division Ave.,1970-1979,"28.51455814005116, -81.38456663038521"
Allied Radio Shack&comma; Associate Store,2139 W. Colonial Dr.,1970-1979,"28.554460790075492, -81.40767096106455"
Professional Hearing Aids,2121 W. Colonial Dr.,1970-1979,"28.554373775713312, -81.40899358989957"
Pan American Tire Co.,2395 W. Colonial Dr.,1970-1979,"28.553312323549555, -81.41120420339446"
Glore Furniture & Carpet,1025 W. Colonial Dr.,1970-1979,"28.55324627838654, -81.39452162911189"
Feddon Motors,2525 W. Colonial Dr.,1970-1979,"28.553218951789038, -81.41205816106452"
Paul Curtis&comma; Realty,733 W. Colonial Dr.,1970-1979,"28.553214093928617, -81.39007390094747"
Carl R. Stevens&comma; Realtor,1325 W. Colonial Dr. Rm. 206,1970-1979,"28.55320859392853, -81.39838360094751"
Bel-Air Homes&comma; Inc.,1301 W. Colonial Dr.,1970-1979,"28.553191417856848, -81.39775036536501"
Mid State Realty Service,901 W. Colonial Dr.,1970-1979,"28.553188117857196, -81.39176102978253"
House of Golf,3107 W. Colonial Dr.,1970-1979,"28.55306788279745, -81.41622612057989"
Walt Thompson&comma; Inc. (realtor),812 W. Colonial Dr.,1970-1979,"28.552783181946523, -81.39157149420008"
Avera&comma; Sanderlin & Gilbert&comma; Inc.,1344 W. Colonial Dr.,1970-1979,"28.55269311046852, -81.3993228646944"
Duckworth&comma; Duckworth & Pardue (real estate appraisal),1412 W. Colonial Dr.,1970-1979,"28.552692710468552, -81.40011670027687"
Beam Realty,1712 W. Colonial Dr.,1970-1979,"28.552635023671307, -81.40329318989967"
Motoress Aid of Central Florida&comma; Inc.,1700 W. Colonial Dr.,1970-1979,"28.552596519034864, -81.402865500386"
Westinghouse Electric Corp.,1200 W. Colonial,1970-1979,"28.552488282561974, -81.3966038806403"
Rapidgrafix Press&comma; Inc.,2128 1/2 W. Colonial Dr.,1970-1979,"28.552408023711962, -81.40881546106462"
Carpet Mill Outlet,2138 W. Colonial Dr.,1970-1979,"28.552267599725354, -81.40922460339455"
Hilton Inn West,3200 W. Colonial Dr.,1970-1979,"28.55201849974788, -81.41527640339449"
Hilton Inn House of Beef,3200 W. Colonial Dr.,1970-1979,"28.55201849974788, -81.41527640339449"
Nix Bedding and Furniture&comma; Inc.,3798 W. Colonial Dr.,1970-1979,"28.55175147571478, -81.42527398989961"
Shader Bros.&comma; Inc. Office Products,70 W. Amelia St.,1970-1979,"28.549261399999644, -81.38031969180003"
Gilberts Plastic Signs,82 N. Hughey Ave.,1970-1979,"28.543486800515844, -81.38340516106484"
Roquemores of Orlando&comma; Inc.,725 W. Central Blvd.,1970-1979,"28.54294610056825, -81.38995863412987"
Hammond Electronics&comma; Inc.,911 W. Central Blvd.,1970-1979,"28.542494325495216, -81.3924559629651"
Crocker's Meats,2139 W. Central Ave.,1970-1979,"28.542475950836973, -81.4089766629651"
Miller Machinery & Supply Co. of Tampa & Orlando,1019 W. Central Blvd.,1970-1979,"28.542379076148432, -81.39380249180033"
Home Discount Co.&comma; Inc.,1107 W. Central Blvd.,1970-1979,"28.542224800633136, -81.39466876296513"
Chamberlin Natural Foods,25 W. Church St.,1970-1979,"28.540630667271724, -81.37957598248563"
Action Center Moving and Storage,1109 W. Church St.,1970-1979,"28.540392293930303, -81.39479760094754"
Apex&comma; Inc.,1131 W. Church St.,1970-1979,"28.540343681391693, -81.39541089420013"
Herndon G. Harrison Real Estate,527 W. Church St.,1970-1979,"28.54028891102396, -81.38552148248564"
James Deshay Painting & Decorating,642 W. Church St.,1970-1979,"28.54000641903844, -81.38875866536507"
Cummins Florida&comma; Inc.,1220 W. Church St.,1970-1979,"28.53996713159817, -81.39643476536507"
Canada Dry Bottling Co.,1414 W. Church St.,1970-1979,"28.53941282604488, -81.4002421898999"
Peterson Outdoor Advertising&comma; Inc.,1347 W. Anderson St.,1970-1979,"28.536772419328237, -81.39893600094757"
Pepsico Truck Rental&comma; Inc.,1477 W. Gore St.,1970-1979,"28.53128420687566, -81.40060856536512"
J. Rolfe Davis & Associates&comma; Inc. (insurance agency),14 W. Gore ,1970-1979,"28.530911506892377, -81.37718222978268"
Lawyers' Title Guaranty Fund,32 W. Gore St.,1970-1979,"28.530904875726208, -81.3776189610651"
Avis Truck Rental,800 W. Gore St.,1970-1979,"28.530751780964028, -81.39007189420018"
V.T.N. Inc.,712 W. Gore St.,1970-1979,"28.530663632847748, -81.38948332978269"
Carl S. McLemore & Robert N. Serros&comma; M.D.'s,95 W. Columbia St.,1970-1979,"28.52810565424821, -81.38048588990019"
Louis C. Murray&comma; M.D.,60 W. Columbia,1970-1979,"28.52761827572786, -81.37896638990033"
Orlando Typesetting,1212 Atlanta Ave.,1970-1979,"28.527451354423995, -81.3833376322302"
Bond Plumbing Supply,1301 Atlanta Ave.,1970-1979,"28.5264321546979, -81.38261193223025"
Ward Air Conditioning Co.,530 W. Grand St.,1970-1979,"28.526060476886975, -81.38560628022833"
Florida Carbonic&comma; Inc.,1700 S. Division Ave.,1970-1979,"28.52253267573074, -81.3849361322303"
Fairway Markets (grocers),438 W. Kaley St.,1970-1979,"28.519641821876004, -81.38401850339525"
Forest Products Corp. (lumber),2021 S. Division,1970-1979,"28.51866633262106, -81.38454845737485"
Haskon&comma; Inc. - Crystal Packing Division,2218 S. Division Ave.,1970-1979,"28.51678390291872, -81.38494743223048"
Logue Tire Company,527 W. Grant St.,1970-1979,"28.51675520292135, -81.38572226106548"
Owens-Corning Fiberglass,541-543 W. Grant St.,1970-1979,"28.516726057306688, -81.38620021873557"
Howard&comma; Neeles&comma; Tammen & Bergendorff,420 W. Grant,1970-1979,"28.516378248513846, -81.38319173223043"
Hill Truck Rentals&comma; Inc.,2301 S. Division Ave.,1970-1979,"28.516240157437327, -81.38434533223048"
International Harvester Co.,2300 S. Division Ave.,1970-1979,"28.516089002981413, -81.38536053223046"
Pancake House Syrups,372 W. Grant St.,1970-1979,"28.515998830245465, -81.38227000339543"
Pepsi-Cola Seven-Up Bottling Co. of Orlando,2841 S. Division Ave.,1970-1979,"28.51419097573536, -81.38457540339546"
First Federal Savings & Loan,2750 W. Colonial Dr.,1970-1979,"28.55243452370722, -81.41332463222952"
W.M. Sanderlin Corp.,1344 W. Colonial Dr.,1970-1979,"28.55269311046852, -81.3993228646944"
Acousti Engineering Co.,360 W. Grant St.,1970-1979,"28.516291602963012, -81.3821502610655"
K-Mart Store No. 4357,2155 W. Colonial Dr.,1970-1979,"28.55481449949602, -81.40933010154919"
Orange Buick Co.,3883 W. Colonial Dr.,1970-1979,"28.553651923488623, -81.42593463222947"
Collier Auto Sales,2150 W. Colonial Dr.,1970-1979,"28.55230309972212, -81.4097067187347"
Gem Chemical Co.,437 W. Central Blvd.,1970-1979,"28.542330025521185, -81.3847166898999"
WFTV-Channel Nine of Orlando,639 W. Central Blvd.,1970-1979,"28.54223675081573, -81.38832236296513"
Fann Emblems & Uniforms,1415 W. Central Blvd.,1970-1979,"28.542169300638072, -81.4001758764595"
Hawthorne Funeral Home,52 W. Gore St.,1970-1979,"28.530815027587597, -81.37837523223"
North American Transmission,2119 W. Central Blvd.,1970-1979,"28.542234400632267, -81.40834450529474"
Moore Industrial Tooling Company,1348 W. Central Blvd.,1970-1979,"28.54185742560956, -81.39901613412997"
Corbett Motor Supply&comma; Inc.,1107 W. Church St.,1970-1979,"28.540461781396992, -81.39453990094756"
Central Florida School Supply&comma; Inc.,1331 W. Church St.,1970-1979,"28.54029704409545, -81.39852079420011"
Florida Electric Motor Service,1128 Atlanta Ave.,1970-1979,"28.528109375727766, -81.38380370339513"
National Linen Service,1213 S. Division Ave.,1970-1979,"28.52745747572798, -81.38405803223017"
Hagood Brothers&comma; Inc. (marine equipment & supplies),1121 W. Church St.,1970-1979,"28.540407906466314, -81.39498549420011"
McNamara Pontiac,1010 W. Colonial Dr.,1970-1979,"28.552678798482205, -81.39406580027686"
C&M Core Distributors Inc.,1227 W. Jefferson St.,1970-1979,"28.545104151067246, -81.39645446106476"
Reedy Carpet Co.,821 W. Colonial Dr.,1970-1979,"28.553304793928547, -81.39143540094746"
Greyhound Lines East,300 W. Amelia St.,1970-1979,"28.549422348518807, -81.38306136296481"
Tamiami Trailways Bus System,30 N. Hughey Ave.,1970-1979,"28.54259980059582, -81.38330283222986"
D.J. Powell Agency&comma; Inc.,2115 W. Central Blvd.,1970-1979,"28.5422475006311, -81.40821566296513"
City Cab Company,324 W. Gore St.,1970-1979,"28.530794442000047, -81.3835208002769"
Lakeshore Lodge,27 W. Columbia St.,1970-1979,"28.52822112805294, -81.37796310339513"
Rogers Engineering & Construction Co.&comma; Inc.,1715 S. Division Ave.,1970-1979,"28.522500529079288, -81.38449216106532"
Industrial Supply Corp. of Orlando&comma; Inc.,2201 S. Division Ave.,1970-1979,"28.517314402871165, -81.38447666106543"
R.C. Hills Sports & New Car Trade-Ins,3411 W. Colonial Dr.,1970-1979,"28.553037806799527, -81.41898596717823"
Howard Johnson's Motor Lodge & Restaurant,2014 W. Colonial Dr.,1970-1979,"28.55213929147022, -81.4064567745595"
Consolidated Electric Supply,523 N. Garland Ave.,1970-1979,"28.5506201481931, -81.38158113222954"
Lighting Center of Mid-Florida,311 W. Central Blvd.,1970-1979,"28.542095830715382, -81.38303246721037"
Yellow Cab Company,324 W. Gore St.,1970-1979,"28.530794442000047, -81.3835208002769"
Commercial Metals Co.,317 W. Kaley Ave.,1970-1979,"28.52062687573183, -81.38245583223035"
Commercial Iron & Metals&comma; Inc.,415 W. Kaley St.,1970-1979,"28.520509375731887, -81.3837982033953"
Bob's Auto Glass & Supply Co.&comma; Inc.,535 W. Central Blvd.,1970-1979,"28.542539400604802, -81.38654546296513"
Orlando Motor Parts&comma; Inc.,1207 W. Central Blvd.,1970-1979,"28.54232795082389, -81.39605716296512"
Central Florida Lincoln,2055 W. Colonial Dr.,1970-1979,"28.553384075713794, -81.40706200339453"
Pizza Hut,810 W. Colonial Dr.,1970-1979,"28.552776993928596, -81.391389065365"
Montgomery Ward,2500 W. Colonial Dr.,1970-1979,"28.551695823839886, -81.4118991898996"
Mrs. Virginia Y. Thomas (beauty shop),524 N. Hughey Ave.,1970-1979,"28.549985812107483, -81.3831785"
Fremacs (clothing),3203 W. Colonial Dr.,1970-1979,"28.555223865169875, -81.41518635861752"
Allied Fence USA Inc.,3205b W. Colonial Dr.,1970-1979,"28.555207329550406, -81.41542249419999"
Professional Real Estate Management Inc.,3205b W. Colonial Dr.,1970-1979,"28.555207329550406, -81.41542249419999"
Sweetheart Flowers,3205c W. Colonial Dr.,1970-1979,"28.555207329550406, -81.41542249419999"
National Fabrics,3209 W. Colonial Dr.,1970-1979,"28.555204617676363, -81.41580410094751"
Libert Loan Corp. of Orlando,3103 W. Colonial Dr.,1970-1979,"28.554931147033287, -81.41524566106447"
American Business Schools,3219 W. Colonial Dr.,1970-1979,"28.554912718370932, -81.41626813407478"
Snider's Bible Book & Gift Store,3101 W. Colonial Dr.,1970-1979,"28.554910476226443, -81.41497975767008"
Bahama House (furniture dealer),3109 W. Colonial Dr.,1970-1979,"28.554205004205755, -81.4162254666004"
Stanley Bellows p TV Town Inc.,3105 W. Colonial Dr.,1970-1979,"28.55417342803525, -81.41586093222946"
J. M. Fields (department store),3201 W. Colonial Dr.,1970-1979,"28.554008133354397, -81.41588839906437"
Pantry Pride,3201 W. Colonial Dr.,1970-1979,"28.554008133354397, -81.41588839906437"
General Finance Corporation,2123 W. Colonial Dr.,1970-1979,"28.55392564730377, -81.4077376033945"
Forget Me Not Shop,2115 W. Colonial Dr.,1970-1979,"28.553783675713603, -81.40761456106452"
Carvel Ice Cream Store No 993,2117 W. Colonial Dr.,1970-1979,"28.55378187571369, -81.40774333222949"
Puppy House,2113 W. Colonial Dr.,1970-1979,"28.553712023477814, -81.40760383222954"
Textile Outlet,2111 W. Colonial Dr.,1970-1979,"28.553693171252316, -81.40774048989957"
Haney Chevrolet Inc.,3707 W. Colonial Dr.,1970-1979,"28.553689195140578, -81.42465756106456"
Hancock's Antiques,715 N. Garland Ave.,1970-1979,"28.55359567571352, -81.38128743222961"
Cath Cain Hospitality Advertising,325 W. Colonial Dr. apt 401,1970-1979,"28.553544184830074, -81.38409461775888"
The Halo Hairstyles for Men,2109 W. Colonial Dr.,1970-1979,"28.553524551816004, -81.40774713222956"
Steak 'n' Shake,2355 W. Colonial Dr.,1970-1979,"28.5534529474309, -81.4104418322295"
Parkwood Plaza Texaco Service,3001 W. Colonial Dr.,1970-1979,"28.553384071362924, -81.41461260339453"
Wm. H. Richardson (real estate),919 W. Colonial Dr.,1970-1979,"28.553371610438163, -81.39248138248561"
Malcolm E. Hawley (dentist),707 W. Colonial Dr.,1970-1979,"28.55335589392857, -81.38924590094747"
Arthur Teacher's Fish & Chips,2107 W. Colonial Dr.,1970-1979,"28.55335517571388, -81.40764678989962"
E & S Service (gasoline station),2615 W. Colonial Dr.,1970-1979,"28.553329475713923, -81.41326871873461"
Modern Bridal & Formal Shop,2141 W. Colonial Dr.,1970-1979,"28.5533166235487, -81.40766207455948"
Lum's (restaurant),2413 W. Colonial Dr.,1970-1979,"28.553297075713854, -81.41169320339445"
Nyematic Dictation Systems Inc.,513 W. Colonial Dr.,1970-1979,"28.553281142502236, -81.38689590027688"
Brinkmon-Montgomery (insurance agent),513 W. Colonial Dr. #1,1970-1979,"28.553281142502236, -81.38689590027688"
Advanced Business Products,513 W. Colonial Dr. #2,1970-1979,"28.553281142502236, -81.38689590027688"
Automatic Fasteners,513 W. Colonial Dr. #3,1970-1979,"28.553281142502236, -81.38689590027688"
Gerald J. Wemmer (architect),513 W. Colonial Dr. #7,1970-1979,"28.553281142502236, -81.38689590027688"
Integrity National Life Insurance Co.,717 W. Colonial Dr.,1970-1979,"28.553277953731495, -81.38961020094749"
Dale Carnegie Courses (customer relations courses),1365 W. Colonial Dr.,1970-1979,"28.553276878383105, -81.39973366469441"
P P G Indus (paint),3899 W. Colonial Dr.,1970-1979,"28.553276303957045, -81.42717943222944"
Florida Convoy Inc.,1341 W. Colonial Dr.,1970-1979,"28.553263954462533, -81.39926771806809"
Joe Usher Insurance Agency,429 W. Colonial Dr.,1970-1979,"28.55325916642374, -81.38582856469438"
Eva Hender (physicians and surgeons),429 W. Colonial Dr.,1970-1979,"28.55325916642374, -81.38582856469438"
Robt S Hender (physicians and surgeons),429 W. Colonial Dr.,1970-1979,"28.55325916642374, -81.38582856469438"
Page's Restaurant,1115 W. Colonial Dr.,1970-1979,"28.553258410443217, -81.39497744690314"
Prestige Employment,1017 W. Colonial Dr.,1970-1979,"28.553252386521045, -81.39415254690317"
Parkwood Plaza Beauty Salon,3221 W. Colonial Dr.,1970-1979,"28.553249361429916, -81.41712648194061"
Bourne Realty,617 W. Colonial Dr.,1970-1979,"28.553232654463283, -81.38855198248561"
Sims Groves Inc.,1333 W. Colonial Dr.,1970-1979,"28.553231186520097, -81.39876130027686"
African Violets By Suzy,741 W. Colonial Dr.,1970-1979,"28.553227505891005, -81.39056770094746"
C & R Standard Service (gasoline station),3501 W. Colonial Dr.,1970-1979,"28.553222023565844, -81.42035873222949"
McAllister-Barker Associates Inc. (advertising),1325 W. Colonial Dr.,1970-1979,"28.55320859392853, -81.39838360094751"
Mid-South Mortgage Co.,1325 W. Colonial Dr.,1970-1979,"28.55320859392853, -81.39838360094751"
E. Toy Chester (realtor),1325 W. Colonial Dr. Rm. 201,1970-1979,"28.55320859392853, -81.39838360094751"
John Hancock Mutual Life Insurance Co.,1325 W. Colonial Dr. Rm. 203,1970-1979,"28.55320859392853, -81.39838360094751"
Geo. A. Martin (realtor),1325 W. Colonial Dr. Rm. 205,1970-1979,"28.55320859392853, -81.39838360094751"
Hartman Transfer Co.,1325 W. Colonial Dr. Rm. 207,1970-1979,"28.55320859392853, -81.39838360094751"
Wig Villa,3123 W. Colonial Dr.,1970-1979,"28.553208241788788, -81.41737984641405"
Hill's Kawasaki of Orlando,1011 W. Colonial Dr.,1970-1979,"28.553205822409183, -81.39394808248562"
Universal Sports & Trophies,1015 W. Colonial Dr.,1970-1979,"28.553203154463894, -81.39406900027689"
Walgreen's Drug Store,3117 W. Colonial Dr.,1970-1979,"28.55319911786121, -81.41667625864147"
Standard Oil Co. Service Station,1001 W. Colonial Dr.,1970-1979,"28.553198942500416, -81.39379118248563"
House & Homes Ltd.,1301 W. Colonial Dr.,1970-1979,"28.553191417856848, -81.39775036536501"
Wm. J. Goodman (realtor),1301 W. Colonial Dr.,1970-1979,"28.553191417856848, -81.39775036536501"
Western Way Shell,2001 W. Colonial Dr.,1970-1979,"28.553185846038314, -81.40592105126032"
Blough's Locksmith Service,705 W. Colonial Dr.,1970-1979,"28.553184805501044, -81.3891551911753"
Ball O' Yarn,3119 W. Colonial Dr.,1970-1979,"28.553180170005568, -81.41716112738331"
Theo H Farr Jr (insurance agent),703 W. Colonial Dr.,1970-1979,"28.55317516667627, -81.38908218150362"
Commercial Credit Corp.,1321 W. Colonial Dr.,1970-1979,"28.553157417859897, -81.39794479420007"
Top & Bottoms (clothing),2119 W. Colonial Dr.,1970-1979,"28.55315401506805, -81.40799201873463"
Benj. T. Shuman (attorney),1319 W. Colonial Dr.,1970-1979,"28.55315310589431, -81.39792499420003"
Joanne Tate's Dressmaking,3111 W. Colonial Dr.,1970-1979,"28.553152398214174, -81.4163696377654"
Independent Life & Accident Insurance Co.,1323 W. Colonial Dr.,1970-1979,"28.553152305894454, -81.39796449420002"
Party Time,3115 W. Colonial Dr.,1970-1979,"28.553114502482302, -81.41640596660045"
House of Koscot Beautique,2125 W. Colonial Dr.,1970-1979,"28.553107195401374, -81.40812283222958"
Regal Business Service,3325 W. Colonial Dr.,1970-1979,"28.55304345887949, -81.41767079359018"
Breslin Detective Agency,3325 W. Colonial Dr.,1970-1979,"28.55304345887949, -81.41767079359018"
Florida Merchant Police Rear (detective agency),3325 W. Colonial Dr.,1970-1979,"28.55304345887949, -81.41767079359018"
Colonial Hearing Aide Center,3325 W. Colonial Dr.,1970-1979,"28.55304345887949, -81.41767079359018"
Koin Klean Laundry,3225 W. Colonial Dr.,1970-1979,"28.553013563100016, -81.41692677640475"
 Ida Mae Kittinger (real estate) ,742 W. Colonial Dr.,1970-1979,"28.552948538274105, -81.39062573652997"
World Tire Corp. of Orlando,62 W. Colonial Dr.,1970-1979,"28.55290319966821, -81.38065448989964"
A B C Drive-In Liquor Store,320 W. Colonial Dr.,1970-1979,"28.55286817571409, -81.38404918989961"
Johnny Bremer's Pizza,912 W. Colonial Dr.,1970-1979,"28.552856705907672, -81.39233279420003"
Zander Realty,716 W. Colonial Dr.,1970-1979,"28.55285439392861, -81.38956059420005"
Pro-Ready Golf Shop Inc.,318 W. Colonial Dr.,1970-1979,"28.552833975714066, -81.38403518989959"
A-Aaron Closer Key Lock & Safe Service,750 W. Colonial Dr.,1970-1979,"28.552833153831152, -81.39070478745263"
Dobbs House (restaurant),900 W. Colonial Dr.,1970-1979,"28.55282870590891, -81.39176036536503"
Soni Bronzing Co. (plating),738 W. Colonial Dr.,1970-1979,"28.552824329870592, -81.39048180094748"
Duffy & Keltz (consultants),644 W. Colonial Dr.,1970-1979,"28.55279709848218, -81.38862426469439"
Hobbs-Thompson Inc. (insurance),812 W. Colonial Dr.,1970-1979,"28.552783181946523, -81.39157149420008"
Thompson's Antiques,814 W. Colonial Dr.,1970-1979,"28.552782105910982, -81.39140402978254"
Pickett Printing Co.,322 W. Colonial Dr.,1970-1979,"28.55277629967961, -81.38408686106455"
Holiday Realty,916 W. Colonial Dr.,1970-1979,"28.552739822450878, -81.39246546653966"
Yamaha Sportcycle Center,110 W. Colonial Dr.,1970-1979,"28.55271554762921, -81.38132381873461"
Curtis & O'Neal Co. Inc. (insurance agent),1344 W. Colonial Dr.,1970-1979,"28.55269311046852, -81.3993228646944"
Luigi's Restaurant,600 W. Colonial Dr.,1970-1979,"28.55269154248908, -81.38818107144184"
Randaldi'e Enco (gasoline station),932 W. Colonial Dr.,1970-1979,"28.55269084248907, -81.39269028248563"
Hungry Bear (restaurant),924 W. Colonial Dr.,1970-1979,"28.55267284248867, -81.39263168248561"
James F. Casale Jr. (bookkeeping),646 W. Colonial Dr.,1970-1979,"28.55266041047001, -81.38876678248563"
United Farm Agency Inc.,1316 W. Colonial Dr.,1970-1979,"28.55265291790514, -81.39834902978252"
Bill's Colonial Gulf (gasoline station),1000 W. Colonial Dr.,1970-1979,"28.552645066465, -81.39373368248562"
National Insurance Agency,1350 W. Colonial Dr.,1970-1979,"28.5526420784541, -81.3996556646944"
Knowles Realty,1306 W. Colonial Dr.,1970-1979,"28.55263392989624, -81.39777652978252"
Fred G. Owles Jr. (architect),1810 W. Colonial Dr.,1970-1979,"28.552616485036516, -81.40411217889444"
Wm. I. Murrell Jr. (lawyer),1904 W. Colonial Dr.,1970-1979,"28.552610199694605, -81.40501696106458"
Metropolitan Life Insurance Co.,1332 W. Colonial Dr.,1970-1979,"28.552600143437296, -81.3988366856033"
Kerco Inc. (fruit dealer),1700 W. Colonial Dr.,1970-1979,"28.552596519034864, -81.402865500386"
Wm. H. Smith (realtor),1710 W. Colonial Dr.,1970-1979,"28.55259537571428, -81.40315998989965"
League of Women Voters of Florida (ORG),1310 W. Colonial Dr.,1970-1979,"28.552564729905484, -81.39815236536502"
West Colonial 66 Service Center,3136 W. Colonial Dr.,1970-1979,"28.552472047694867, -81.41490853222952"
B P Palm's Service Center,2010 W. Colonial Dr.,1970-1979,"28.552470947695173, -81.4060689033945"
Decker's Coin Shop,2134 W. Colonial Dr.,1970-1979,"28.55242722370844, -81.40908561873465"
National Standard Life Insurance Co.,2128 W. Colonial Dr.,1970-1979,"28.552408023711962, -81.40881546106462"
Johnson's Gulf Service,2800 W. Colonial Dr.,1970-1979,"28.552401309096336, -81.4143291212243"
Fabrific (dry goods),2122 W. Colonial Dr.,1970-1979,"28.5523334477321, -81.40855916106463"
Louis W. Arnett (dentist),2130 W. Colonial Dr.,1970-1979,"28.552279223735088, -81.40894551873473"
Tommy's (auto paint and body shop),3420 W. Colonial Dr.,1970-1979,"28.55206694780385, -81.41856376106456"
Transport Refrigeration,3420 W. Colonial Dr.,1970-1979,"28.55206694780385, -81.41856376106456"
B & B Diesel Service,3420 W. Colonial Dr.,1970-1979,"28.55206694780385, -81.41856376106456"
Cook's Barber Shop,3496 W. Colonial Dr.,1970-1979,"28.552062295869717, -81.4199277322296"
Barber Truck Brokerage Co. Rear,3496 W. Colonial Dr.,1970-1979,"28.552062295869717, -81.4199277322296"
Body English Inc. (sportswear),3200 W. Colonial Dr.,1970-1979,"28.55201849974788, -81.41527640339449"
Imperial Florida Oil Co.,3780 W. Colonial Dr.,1970-1979,"28.551737627600385, -81.42468156106453"
B & M Printing & Letter Shop Inc.,612 N. Hughey,1970-1979,"28.55135664799845, -81.38318760529432"
Orlando Uniform & Dust-Tex,49 W. Concord St.,1970-1979,"28.551208988992613, -81.38000135005959"
Imbler Apartments,623 W. Concord St.,1970-1979,"28.551186455945224, -81.38809330119723"
Mrs. Hattie R. Howard (beauty salon),816 W. Concord St.,1970-1979,"28.550890103317485, -81.39182600339454"
Kissam Super Concrete Inc.,532 Hames Ave.,1970-1979,"28.550808893928934, -81.3963296009475"
Greek Orthodox Holy trinity Church,514 W. Concord St.,1970-1979,"28.550793782602817, -81.38620333222957"
Family Finance Service Inc.,2552 W. Colonial Dr.,1970-1979,"28.55077099986018, -81.41318753222963"
Conklin Public Elations,120 W. Concord St.,1970-1979,"28.55074726139323, -81.38142595005974"
Food World,2550 W. Colonial Dr.,1970-1979,"28.550628975715266, -81.4123010322296"
Pollock's Florist,301 W. Amelia St.,1970-1979,"28.55042939989442, -81.38384670529436"
Eola Battery Co.,519 N. Garland Ave.,1970-1979,"28.5503726240774, -81.38154946106461"
Conner Brothers,530 Hames Ave.,1970-1979,"28.550359893928967, -81.39627532978254"
Farmers Wholesale Produce Market,530 Hames Ave.,1970-1979,"28.550359893928967, -81.39627532978254"
Richards Farms Inc.,530 Hames Ave.,1970-1979,"28.550359893928967, -81.39627532978254"
E C Russell's Produce,530 Hames Ave.,1970-1979,"28.550359893928967, -81.39627532978254"
Louisville & Nashville Railroad Co.,1045 W. Amelia St.,1970-1979,"28.54987497571572, -81.39509276106465"
Scotty's Home Builders Inc.,63 W. Amelia St.,1970-1979,"28.54986897571921, -81.38061166296482"
Lucerne Rebekah No. 36,501 W. Amelia Ave.,1970-1979,"28.549656048455944, -81.38563514947047"
Cosby-Hodges Milling Co.,501 Hames Ave.,1970-1979,"28.54964070817244, -81.39568768756132"
Budget Office Furniture Co. Inc.,100 W. Amelia St.,1970-1979,"28.549265412139356, -81.38106248650732"
Sechrest Carpet Service,924 W. Amelia St.,1970-1979,"28.549210800004243, -81.39239746296478"
P & H Automotive Warehouse Inc.,740 W. Amelia St.,1970-1979,"28.549060724316522, -81.3910079206352"
V E Anderson Mfg Co. (glass dealer),918 W. Amelia St.,1970-1979,"28.549045575719703, -81.39182406296483"
American Furniture Rentals,1216 W. Amelia St.,1970-1979,"28.548958572949736, -81.39582964756977"
Heintzelman's Ford Trucks,411 N. Garland Ave.,1970-1979,"28.548388751359344, -81.38147776106464"
Allen Drug Co.,411 Hames Ave.,1970-1979,"28.54789424892644, -81.39611753222975"
Orlando Lawn Bowling Club,420 N. Hughey Ave.,1970-1979,"28.54787542452924, -81.38314663412964"
Thos. Starling Sunshine Park,400 N. Hughey Ave.,1970-1979,"28.547532124590866, -81.38297666296492"
Art-Co Glass Products Inc.,321 N. Garland Ave.,1970-1979,"28.546124175717704, -81.38166653222972"
Frazier's Garage & Truck Repair,310 Hames Ave.,1970-1979,"28.546118312560004, -81.39645650339463"
Lucille's Place (liquor),220 Lincoln Ave.,1970-1979,"28.544997338626654, -81.38815038127002"
Acme Lock Co.,47 W. Jefferson St.,1970-1979,"28.54490899392972, -81.38047936536505"
A B C Drive-In Liquor Store,210 N. Garland Ave.,1970-1979,"28.544030275718864, -81.38192108989988"
Rev. John L. Wallace (clergyman),1719 W. Central Blvd.,1970-1979,"28.543074550226365, -81.40383626296509"
Midland Distributors Inc.,777 W. Central Blvd.,1970-1979,"28.542894600572815, -81.39040986296509"
Sunburst Press,823 W. Central Blvd.,1970-1979,"28.54256107572331, -81.39160240529469"
Bob's Auto Glass & Supply Co.&comma; Inc.,533 W. Central Blvd.,1970-1979,"28.542539400604802, -81.38654546296513"
Inudstrial Optics,2125 W. Central Blvd.,1970-1979,"28.542494800608786, -81.40895520529467"
Central Street Barain Center,401 W. Central Blvd.,1970-1979,"28.542461471467174, -81.38418493653"
East Coast Bowling & Billiard (supplies),703 W. Central Blvd.,1970-1979,"28.542405750830795, -81.38929336296512"
Johnny Blackburn's Auto Parts Inc.,433 W. Central Blvd.,1970-1979,"28.542320700621026, -81.38470731873487"
Auto-Lite Service,443 W. Central Blvd.,1970-1979,"28.54231107571978, -81.38474678989989"
Merritt Optical Inc.,623 W. Central Blvd.,1970-1979,"28.542290225531836, -81.38769906296515"
Alley's Cafe,819 W. Central Blvd.,1970-1979,"28.5422872006275, -81.39135146296512"
Semco Supplies,701 W. Central Blvd.,1970-1979,"28.54227855081938, -81.38927973412991"
Kimble Used Cars,909 W. Central Blvd.,1970-1979,"28.54225412553834, -81.39238360529471"
Bo Laws Machine & Parts,917 W. Central Blvd.,1970-1979,"28.54224885081684, -81.39275403412988"
Hinely Air Products Inc.,515 W. Central Blvd.,1970-1979,"28.542241125537167, -81.38552166106486"
Engine Parts Warehouse,925 W. Central Blvd.,1970-1979,"28.54223845081592, -81.39295786296512"
Dyke Tool & Equipment,1215 W. Central Blvd.,1970-1979,"28.542224900633137, -81.39644013412992"
Modern Machine and Parts Inc.,2009 W. Central Blvd.,1970-1979,"28.54221122554605, -81.40605823412996"
Powell Electronics Florida,2049 W. Central Blvd.,1970-1979,"28.54220780063465, -81.40744706296516"
American Cryogenics Inc.,1007 W. Central Ave.,1970-1979,"28.542170825897113, -81.39355226296513"
Skil Corporation,919 W. Central Blvd.,1970-1979,"28.54216370063855, -81.39272026296514"
Dun-Rite Industries (machinist),2141 W. Central Blvd.,1970-1979,"28.5421503006398, -81.40939410529475"
Bay Development Corp.,1103 W. Central Blvd.,1970-1979,"28.542126100642054, -81.39455069180033"
University of Central Florida,115 W. Central Blvd.,1970-1979,"28.542122531308603, -81.38107050094753"
Stephens Orlando Inc. (florist),2101 W. Central Blvd.,1970-1979,"28.542094200338624, -81.40786923412992"
Radah International (physicians' and hospital supplies),2111 W. Central Blvd.,1970-1979,"28.542055200648388, -81.40812806296516"
Domestic Finance Corp.,104 W. Central Blvd.,1970-1979,"28.54197146928134, -81.38113129604538"
Auto Storage,104 1/2 W. Central Blvd.,1970-1979,"28.54197146928134, -81.38113129604538"
Orange Soda Shop,912 W. Central Blvd.,1970-1979,"28.54190880066158, -81.39249369180034"
Ned Smith Equipment Co.,904 1/2 W. Central Blvd.,1970-1979,"28.541851000666718, -81.3922262341299"
Specialty Engineering Service Co.,914 W. Central Blvd.,1970-1979,"28.54184910066691, -81.39251019180035"
Dave Miller's Equipment Co.,916 W. Central Blvd.,1970-1979,"28.541849000666993, -81.39255847830604"
Martin Oil Co.,420 W. Central Blvd.,1970-1979,"28.541808400666973, -81.3845387610649"
Case Power & Equipment (agricultural),1216 W. Central Blvd.,1970-1979,"28.541801400671243, -81.39610833412992"
Camco Distributing Inc.,800 W. Central Blvd.,1970-1979,"28.541780675723746, -81.39067506296514"
Lee's Muffler Shop,618 W. Central Blvd.,1970-1979,"28.541722550769986, -81.38784573412995"
Bob Tucker Racing,2104 W. Central Blvd.,1970-1979,"28.541706200679755, -81.40786193412994"
Reliable Glass Co.,2112 W. Central Blvd.,1970-1979,"28.541704000679953, -81.40820436296515"
Filter Mainteinance Corp. (air conditioning service) ,2120 W. Central Blvd.,1970-1979,"28.541701100680267, -81.40868603412997"
Ornamental Iron Works,1340 W. Central Blvd.,1970-1979,"28.541692150767403, -81.39897850529472"
Marcone Appliance Parts Center,2108 W. Central Blvd.,1970-1979,"28.54168595076675, -81.40807820529471"
Yale Orgon Builders Sales Inc.,2114 W. Central Blvd.,1970-1979,"28.541684550766654, -81.40833669180037"
Meinke Model Engineering,2122 W. Central Blvd.,1970-1979,"28.541681650766307, -81.40875244762432"
Pro Chemical Products&comma; Inc.,1320 W. Central Blvd.,1970-1979,"28.541681550766363, -81.39815773413007"
Solar Industries (stamping works and die cutters),2102 W. Central Blvd.,1970-1979,"28.54166920085077, -81.40772920529471"
Jo-Jan Bottling Co. Inc.,1310 W. Central Blvd.,1970-1979,"28.541669175723907, -81.39782486296514"
Lykes Electronics Inc.,822 W. Central Blvd.,1970-1979,"28.54165795060746, -81.39146246296515"
Salvation Army Thrift Store,1130 W. Central Blvd.,1970-1979,"28.54161425076033, -81.39551646296516"
H & H Masonry,514 W. Central Blvd.,1970-1979,"28.54160440068553, -81.38552618989988"
Bill Schafer Signs,2106 W. Central Blvd.,1970-1979,"28.541602750759353, -81.40796883412995"
Central Mobilaire Inc. (air conditioning),2116 W. Central Blvd.,1970-1979,"28.541583275723767, -81.40823716296515"
Ray Gobbell Machine Shop,19 S. Division Ave.,1970-1979,"28.54157630782668, -81.38490646572794"
County Health & Welfare Building,832 W. Central Blvd.,1970-1979,"28.541144725737468, -81.39197903413"
Action Church of the Apostles,1403 W. Church St.,1970-1979,"28.54109041894141, -81.40035009420012"
Yocam Batteries Inc. (Div of Connrex Inc),747 W. Church St.,1970-1979,"28.5406436547453, -81.39094624690314"
Diamond & Gold Pawn Shop,27 W. Church St.,1970-1979,"28.54063381100846, -81.37966188246672"
Neal's Wholsale Wachmaker & Jewelers Supplies,27 W. Church St.,1970-1979,"28.54063381100846, -81.37966188246672"
Mark Leon Jeweler,127 W. Church St.,1970-1979,"28.540512098482587, -81.3813677646944"
Mademoiselle Beauty Salon,707 W. Church St.,1970-1979,"28.540478467281968, -81.3895586646944"
Church of Christ,711 W. Church St.,1970-1979,"28.540470598482617, -81.38967260027688"
Carver Beauty & Barber Supply,709 W. Church St.,1970-1979,"28.54046864221602, -81.3896182646944"
Junior League of Orlando Inc.,53 W. Church St.,1970-1979,"28.540467736956064, -81.38014120886959"
Junior League Thrift Shop,53 W. Church St.,1970-1979,"28.540467736956064, -81.38014120886959"
Mather of Orlando Inc.,129 W. Church St.,1970-1979,"28.54044148594837, -81.3814848002769"
Douglas Sign Studios,23 W. Church St.,1970-1979,"28.540436327655552, -81.37953662653074"
Hotel Sadler,619 W. Church St.,1970-1979,"28.54042799848259, -81.38777968246674"
Perry's Coffee Shop,619 W. Church St.,1970-1979,"28.54042799848259, -81.38777968246674"
Community Baptist Church,1229 W. Church St.,1970-1979,"28.540423206465604, -81.39684976536508"
Qual-Tech Inc.,1015 W. Church St.,1970-1979,"28.540381943649923, -81.39380891190096"
G. L. Bradfor Concrete Placing Company,805 1/2 W. Church St.,1970-1979,"28.540357384691543, -81.39126156321119"
B. J. Auto Parts,1133 W. Church St.,1970-1979,"28.54035320646881, -81.39541672978257"
Church of Christ,409 W. Church St.,1970-1979,"28.540347392061104, -81.3841524199134"
Orange Automotive Works Inc.,923 W. Church St.,1970-1979,"28.54034525475199, -81.39269944690315"
Johnson's Janitor Service,401 W. Church St.,1970-1979,"28.540328071504472, -81.38389065289927"
Riley's Made to Measure Clothes,573 W. Church St.,1970-1979,"28.540322655496144, -81.38621169073011"
Prayer & Faith Center,589 W. Church St.,1970-1979,"28.540322606796128, -81.38630641017403"
C & R Recreation,445 W. Church St.,1970-1979,"28.540312998482644, -81.38472658248564"
John's Pool Room,563 W. Church St.,1970-1979,"28.540312429998085, -81.38600147023028"
Florida Bumper Sales,741 W. Church St.,1970-1979,"28.5403106422126, -81.39080563585935"
Aris & Irene's Dining Room,417 W. Church St.,1970-1979,"28.540310198482626, -81.38435608248564"
Family Billiards,2295 W. Church St.,1970-1979,"28.54030701102314, -81.41142757573816"
Williams Barber Shop,731 W. Church St.,1970-1979,"28.54030365475294, -81.39028906469439"
Miller & Floyd Post 30 (American Vets),733 W. Church St.,1970-1979,"28.540303454752944, -81.39036298248563"
Paul's Auto Service,2301 W. Church St.,1970-1979,"28.540301290808394, -81.41144349221291"
Butler's Beauty Shop,553 W. Church St.,1970-1979,"28.54029653610616, -81.38579244874846"
Welch's Studio,539 W. Church St.,1970-1979,"28.54029497983564, -81.38565796899074"
Church of the Living God in Christ,547 W. Church St.,1970-1979,"28.54028505475334, -81.38568034690316"
Nelson's Bail Bonding Agency,559 1/2 W. Church St.,1970-1979,"28.54028254803942, -81.38576071013956"
King Neptune Seafood & Poultry No 2,811 W. Church St.,1970-1979,"28.540276131556674, -81.3913884297826"
Faith Temple Church of God in Christ,715 W. Church St.,1970-1979,"28.54025799956547, -81.3897808536506"
Hylick Rooms,737 W. Church St.,1970-1979,"28.540239005667427, -81.39047524935422"
Goodwill Industries of Central Florida,122 W. Church St.,1970-1979,"28.540214760849988, -81.38113420457324"
B E Purcell Co. (general merchandise-retail),124 W. Church St.,1970-1979,"28.540214760849988, -81.38113420457324"
Henry's Bar-B-Que,1520 W. Church St.,1970-1979,"28.5400557506182, -81.40122580339481"
Hanna's (general merchandise-retail),332 W. Church St.,1970-1979,"28.54005424220681, -81.38322354690315"
Orange TV Service,328 W. Church St.,1970-1979,"28.54005404220679, -81.38319226469439"
Modern Pawn Shop,52 W. Church St.,1970-1979,"28.54004334869309, -81.3800608088696"
National Paint & Body Shop,1124 W. Church St.,1970-1979,"28.540031781377706, -81.39544930094758"
Colbert's Refinishing,2200 W. Church St.,1970-1979,"28.54002805658272, -81.4095795855113"
Dot's Barber Shop,2216 W. Church St.,1970-1979,"28.5400128413776, -81.4098729279004"
West Side Grill,712 W. Church St.,1970-1979,"28.540005911036584, -81.38971416469442"
Flanagan's Fish Market,2404 W. Church St.,1970-1979,"28.54000360040124, -81.4128142033948"
The Down Beat (tavern),2206 W. Church St.,1970-1979,"28.540003516270172, -81.40984839231788"
Bird in the Bag (restaurant),534 W. Church St.,1970-1979,"28.5399916547599, -81.38561018248565"
Lincoln Arms Apartments,434 W. Church St.,1970-1979,"28.5399904547599, -81.38469538248566"
Rudy's Style Salon,526 W. Church St.,1970-1979,"28.53998886731475, -81.38548036469442"
Givens Income Tax Service,440 W. Church St.,1970-1979,"28.539985742205253, -81.38471676469442"
Cox Market,2400 W. Church St.,1970-1979,"28.539985050183528, -81.41275903222994"
Mercury Oil Service Station,700 W. Church St.,1970-1979,"28.53994351904419, -81.38936530094753"
Sam's Barber Shop,546 W. Church St.,1970-1979,"28.539928679876592, -81.38600120027688"
Skeeter's Place (furnished rooms),544 W. Church St.,1970-1979,"28.539926923597857, -81.38593538248564"
Davis Superette,600 W. Church St.,1970-1979,"28.539907454332916, -81.38715436240496"
Smith's Grocery,2296 W. Church St.,1970-1979,"28.539899498482626, -81.41092318248566"
E. C. Ernst Inc. (electric),1338 W. Church St.,1970-1979,"28.539896881371778, -81.39875209420013"
Goodwill Industries of Central Florida,102 W. Church St.,1970-1979,"28.539894600473627, -81.38101896284908"
Central Star Studio,1122 W. Church St.,1970-1979,"28.53989073160842, -81.39523236536505"
Tom's Automatic Transmission Service,1310 W. Church St.,1970-1979,"28.53989060648957, -81.39787326536509"
Las Vegas Billiard Room,564 W. Church St.,1970-1979,"28.539883967321842, -81.3862541646944"
Echols Bedding Company,2118 W. Church St.,1970-1979,"28.539881525960535, -81.40846393222986"
Santo's Automotive Service,1008 W. Church St.,1970-1979,"28.539874585923023, -81.39349058248565"
Wigs by Juanita,604 W. Church St.,1970-1979,"28.53985710881963, -81.38726768665278"
Bush Radio & TV Service,606 W. Church St.,1970-1979,"28.539856465938254, -81.38729352227247"
Great South Supply Co. Inc.,1500 W. Church St.,1970-1979,"28.539762776246054, -81.40070186106486"
Candy Stripe Dress & Uniform Shop,718 W. Church St.,1970-1979,"28.5396956110505, -81.38996038248564"
Locke Well & Pump Co.,2114 W. Church St.,1970-1979,"28.53968947572139, -81.40814053222988"
Rev. Jethro W. Toomer (clergyman),633 W. Jackson St.,1970-1979,"28.53968540031581, -81.38831653222994"
Gates Service Station & Garage,2406 W. Church St.,1970-1979,"28.53966882599882, -81.41293503222987"
Dr. P. Phillips Memorial Nursing & Convalescent Home,2500 W. Church St.,1970-1979,"28.539500461879324, -81.41475016637142"
Jackson Street Nursery,1233 W. Jackson St.,1970-1979,"28.5393732813484, -81.39617242978264"
Jackson Street Grocery,801 W. Jackson St.,1970-1979,"28.53931795055261, -81.39123336106492"
Charles Chips (potato chip mfrs),2226 W. Jackson St.,1970-1979,"28.539003975721844, -81.4107694033948"
C & S Transfer Inc.,1240 W. Jackson St.,1970-1979,"28.53893929393056, -81.39656792978262"
Florida Signs of Orlando,432 S. Hughey Ave.,1970-1979,"28.53888460010494, -81.3829979629653"
Florida Terrazzo Inc.,440 S. Hughey Ave.,1970-1979,"28.538827925300783, -81.38301326296528"
Raad's Grocery,428 Jernigan Ave.,1970-1979,"28.53718309732949, -81.39220334354077"
Cobb's Beauty Shop,625 W. Anderson St.,1970-1979,"28.536860826502867, -81.38771473222991"
Mrs. Rev. Sallie S. Armstead (clergymen),733 W. Anderson St.,1970-1979,"28.536748223882345, -81.3903583646944"
Mrs. Winnie Brown (furnished rooms),1039 W. Anderson St.,1970-1979,"28.536658254834588, -81.39475728248566"
Westinghouse Electric Supply,416 S. Garland Ave.,1970-1979,"28.53662717572308, -81.38126863222989"
Mount Calvary Baptist Church,1001 W. Anderson St.,1970-1979,"28.53647952390639, -81.3931316646944"
Church of the Living God,816 W. Anderson St.,1970-1979,"28.536260723925974, -81.39176208248564"
Church of God in Christ,509 Jernigan Ave.,1970-1979,"28.536134006658134, -81.39190196536512"
Ings Day Nursery,528 S. Division Ave.,1970-1979,"28.535997657599328, -81.38491597395783"
Foam-age Inc.,506 S. Garland Ave.,1970-1979,"28.535929250251275, -81.38126040339495"
Nix Lunch Room,703 Carter St.,1970-1979,"28.534862589624908, -81.38913658654648"
Leroy E. Richardson (real estate),637 Carter St.,1970-1979,"28.53484138209445, -81.38797519003141"
C G Suarez Food Distributing Co. Inc.,1331 Carter St.,1970-1979,"28.53482733556675, -81.39752023491009"
Ikes TV Shop,1031 Carter St.,1970-1979,"28.53478094221584, -81.39448664248152"
Still's Grocery & Market,1001 Carter St.,1970-1979,"28.534769053315394, -81.39320666899047"
Freddie McKay Grocery,921 Carter St.,1970-1979,"28.5347587387588, -81.39283006056573"
Nichols Grocery,603 S. Division Ave.,1970-1979,"28.534735032300848, -81.38468225861769"
Lane Liquors,604 S. Division Ave.,1970-1979,"28.534695219514347, -81.38521572978262"
Ever-Ready Womans Club,624 Carter St.,1970-1979,"28.534655226927732, -81.3878330329671"
Colyer's Beauty Salon,802 Carter St.,1970-1979,"28.534634421554873, -81.3914609938052"
Washington Shores Association for Recreation,3000 Carter St.,1970-1979,"28.53383696387204, -81.40240530418787"
Miller Mechanical,632 S. Hughey Ave.,1970-1979,"28.53349612711007, -81.3828368629655"
Henry's Coin Laundry,685 S. Goldwyn Ave.,1970-1979,"28.533247201437625, -81.41756393223002"
Betty's Place,700 S. Hughey Ave.,1970-1979,"28.53323475287258, -81.38280946296551"
Seven-Eleven Food Stores No 35,683 S. Goldwyn Ave.,1970-1979,"28.53323425001177, -81.41760883223003"
Arco Atlantic Service Station,725 S. Goldwyn Ave.,1970-1979,"28.532070601543623, -81.41755320339506"
Tilden Denson & Associates Inc. (engineers),57 W. Gore St.,1970-1979,"28.531616632719736, -81.3812484009476"
James L. Baker Jr. (physicians and surgeons),95 W. Gore St.,1970-1979,"28.531544771529163, -81.3799956942002"
Roger J. Bartels (physicians and surgeons),95 W. Gore St.,1970-1979,"28.531544771529163, -81.3799956942002"
Wm. M. Douglas (physicians and surgeons),95 W. Gore St.,1970-1979,"28.531544771529163, -81.3799956942002"
Joseph E. O'Malley (physicians and surgeons),95 W. Gore St.,1970-1979,"28.531544771529163, -81.3799956942002"
Love's Grocery,901 S. Goldwyn Ave.,1970-1979,"28.53151100159392, -81.41779280339497"
Wilder Construction Co. Inc.,1355 W. Gore St.,1970-1979,"28.531458206867878, -81.39959872978267"
Bellaire Instant Buildings,325 W. Gore St.,1970-1979,"28.53145589848294, -81.3836402002769"
A A A Restaurant Equipment Supply,325 W. Gore St.,1970-1979,"28.53145589848294, -81.3836402002769"
Melody Billiard Room,903 S. Goldwyn Ave.,1970-1979,"28.53144064985238, -81.41781228990017"
Jackson Minit Market No 30188,1365 W. Gore St.,1970-1979,"28.531408493931593, -81.39961756536516"
Hamilton Plywood,850 S. Hughey Ave.,1970-1979,"28.531396249851962, -81.38296430529518"
Ply-World Corp.,850 S. Hughey Ave.,1970-1979,"28.531396249851962, -81.38296430529518"
American Legion Post 294,905 S. Goldwyn Ave.,1970-1979,"28.531322623958665, -81.41780916106505"
Wm. C. King (dentist),907 S. Goldwyn Ave.,1970-1979,"28.53129312395322, -81.4177035322301"
Bob Hawkins Standard Serv. (gasoline station),426 W. Gore St.,1970-1979,"28.530805911448386, -81.38445934690317"
Christian Enterprises,100 W. Gore St.,1970-1979,"28.530802545795368, -81.38009272978265"
Youth for Christ,100 W. Gore St.,1970-1979,"28.530802545795368, -81.38009272978265"
A B C Truck Rental Inc.,906 W. Gore Ave.,1970-1979,"28.530789893931708, -81.39162769420018"
B & C Trucking Co. Inc.,906 W. Gore St.,1970-1979,"28.530789893931708, -81.39162769420018"
William B. Dyer (engineers),712 W. Gore St.,1970-1979,"28.530663632847748, -81.38948332978269"
William C. Hart (surveyors-land),712 W. Gore St.,1970-1979,"28.530663632847748, -81.38948332978269"
Sixty Minute Cleaners,1320 W. Gore St.,1970-1979,"28.530600706906384, -81.39850400094764"
Fulse & Son Barber Shop,927 S. Goldwyn Ave.,1970-1979,"28.53053625359449, -81.41774953223015"
Taylor's Grocery,927 S. Goldwyn Ave.,1970-1979,"28.53053625359449, -81.41774953223015"
Park & Shop,1340 W. Gore St.,1970-1979,"28.530531519887305, -81.39829725861769"
T G & Y Stores,1340 W. Gore St.,1970-1979,"28.530531519887305, -81.39829725861769"
Chicken Palace Takeout,1330 W. Gore St.,1970-1979,"28.530489132871164, -81.39871932978268"
Auto Color World,1030 S. Division Ave.,1970-1979,"28.530433271876984, -81.3849737610652"
Polar Water Co.,802 Atlanta Ave.,1970-1979,"28.529821775726738, -81.38372556106515"
Luckenback Lift Equipment Co.,812 Atlanta Ave.,1970-1979,"28.529775923682834, -81.38371433223016"
Everbach Broadcasting Co.,1011 S. Division Ave.,1970-1979,"28.529640001762136, -81.38460903223013"
WOKB Radio Station,1011 S. Division Ave.,1970-1979,"28.529640001762136, -81.38460903223013"
Orlando Miracle Revival Center,1019 S. Division Ave.,1970-1979,"28.529592975726974, -81.38441726106512"
Herbert C. Gentry (dentist),31 Columbia St.,1970-1979,"28.529079801812646, -81.37810220339512"
John H. Folsom Jr. (physicians and surgeons),31 Columbia St.,1970-1979,"28.529079801812646, -81.37810220339512"
Jack F. Schaber (physicians and surgeons),31 Columbia St.,1970-1979,"28.529079801812646, -81.37810220339512"
Sam C. Stephens Jr. (physicians and surgeons),31 Columbia St.,1970-1979,"28.529079801812646, -81.37810220339512"
Johnston & Norris Kingsbury (physicans and surgeons),55 Columbia St.,1970-1979,"28.528892227932722, -81.37881853223013"
John J. McAndrew (dermatologist),61a Columbia St.,1970-1979,"28.52882040183593, -81.3790257322301"
Don C. Robertson (physicians and surgeons),61b Columbia St.,1970-1979,"28.52882040183593, -81.3790257322301"
Alco TV,1114 Atlanta Ave.,1970-1979,"28.52859257572738, -81.38388883223014"
All State Pipe Supply Co.,1120 S. Hughey Ave.,1970-1979,"28.52845304959029, -81.38266407646012"
F. Merrill Wattles (physicians and surgeons),97 Columbia St.,1970-1979,"28.52815814956067, -81.38039996106514"
T-K-9 Club & Grocery,279 Columbia St.,1970-1979,"28.52811965424437, -81.38259373223016"
James D. Bozeman (physicians and surgeons),99 Columbia St.,1970-1979,"28.52807057572776, -81.38051143223022"
Wm. S. Bradford (physicians and surgeons),99 Columbia St.,1970-1979,"28.52807057572776, -81.38051143223022"
Phillips A. Brooks (physicians and surgeons),99 Columbia St.,1970-1979,"28.52807057572776, -81.38051143223022"
John H. Cole (physicians and surgeons),99 Columbia St.,1970-1979,"28.52807057572776, -81.38051143223022"
Francis M. Coy (physicians and surgeons),99 Columbia St.,1970-1979,"28.52807057572776, -81.38051143223022"
James D. Moore (physicians and surgeons),99 Columbia St.,1970-1979,"28.52807057572776, -81.38051143223022"
Orlando Wheel & Caster Co. Inc.,121 Columbia St.,1970-1979,"28.528069375727682, -81.38128824757032"
H & H Products (vending machines),423 Columbia St.,1970-1979,"28.52805208696643, -81.38447460773406"
Waverly Apartments,46 Columbia St.,1970-1979,"28.52799881139754, -81.37860497640534"
Bachman's Grocery,1200 S. Division Ave.,1970-1979,"28.52799500191026, -81.38461346106517"
Washington Shores Multi-Service Center,267a Columbia St.,1970-1979,"28.527873849535332, -81.3822213610652"
Axel W. Anderson III (physicians and surgeons),45 Columbia St.,1970-1979,"28.52766524951676, -81.37839210339516"
Thos D. Cook (physicians and surgeons),45 Columbia St.,1970-1979,"28.52766524951676, -81.37839210339516"
Melvin J. Johnson Jr. (physicians and surgeons),45 Columbia St.,1970-1979,"28.52766524951676, -81.37839210339516"
Columbia Apartments,100 Columbia St.,1970-1979,"28.527664054366806, -81.38065768990026"
Field & Carducci-Orthopedics Professional Association,62 Columbia St.,1970-1979,"28.527653801941, -81.37934773223019"
Wilson's Apartments,76 Columbia St.,1970-1979,"28.527652754369925, -81.3795860610652"
Charles L Lippoldt (physicians and surgeons),60a Columbia St.,1970-1979,"28.52761827572786, -81.37896638990033"
Benj. E. Wright (physicians and surgeons),60a Columbia St.,1970-1979,"28.52761827572786, -81.37896638990033"
Eldridge W. Johnson (physicians and surgeons),60b Columbia St.,1970-1979,"28.52761827572786, -81.37896638990033"
G Sid Callahan Jr (physicians and surgeons),60c Columbia St.,1970-1979,"28.52761827572786, -81.37896638990033"
Fred Walls Jr. (physicians and surgeons),60c Columbia St.,1970-1979,"28.52761827572786, -81.37896638990033"
McEwan's Clinical Laboratory,60d W. Columbia,1970-1979,"28.52761827572786, -81.37896638990033"
Herbert M. Martin (physicians and surgeons),60e Columbia St.,1970-1979,"28.52761827572786, -81.37896638990033"
James A. McLeod (physicians and surgeons),60e Columbia St.,1970-1979,"28.52761827572786, -81.37896638990033"
Lawrence D. Porter (physcians and surgeons),60f Columbia St.,1970-1979,"28.52761827572786, -81.37896638990033"
Hall's Children's Nursery,921 Grand St.,1970-1979,"28.526752602021993, -81.39186673223018"
Southern Bell Telephone Co.,1227 S. Division St.,1970-1979,"28.526700723134358, -81.38434686106525"
Roy E. Chapman Fruit Co. Inc.,1303 S. Division Ave.,1970-1979,"28.526439175728697, -81.38424593223016"
Paul's Grocery,950 Grand St.,1970-1979,"28.526376507373154, -81.39283293223029"
Herb's Barber Shop,1302 S. Division Ave.,1970-1979,"28.5260965493773, -81.38516503223023"
Herb's Bait & Tackle,1300 S. Division Ave.,1970-1979,"28.525962028458377, -81.38526730339517"
James J. Hackett (realtor),1323 1/2 S. Division Ave.,1970-1979,"28.525393549314806, -81.38458556106525"
Terazzo Contractors Inc.,1419 Atlanta Ave.,1970-1979,"28.524783428669753, -81.38261473223028"
B P Oil Corp.,1417 Atlanta Ave.,1970-1979,"28.524649628693645, -81.38249386106533"
A-1 Block Corporation,1515 S. Division Ave.,1970-1979,"28.523881049180368, -81.3842470610653"
South Chicago Packing Co.,1601 Atlanta Ave.,1970-1979,"28.52357295546647, -81.38248313223029"
Rex of Florida Inc.,1617 S. Division Ave.,1970-1979,"28.523334475730255, -81.38416876106534"
Orlando Equipment & Tool Rental Inc.,1610 S. Division Ave.,1970-1979,"28.523207975730354, -81.38501703223035"
Cocoa Masonry Inc.,1711 S. Division Ave.,1970-1979,"28.522629349069437, -81.38442643223026"
Price & Weeks Plastering Inc.,1700 Atlanta Ave.,1970-1979,"28.522588302396798, -81.38350646106527"
Sunshine Peninsula Inc.,1719 S. Division St.,1970-1979,"28.522034402446558, -81.38431943223031"
Airkem Orlando (smoke and fume elimination),1817 S. Division Ave.,1970-1979,"28.52132012217519, -81.38429370339527"
Tom's Texaco Service Center,515 W. Kaley St.,1970-1979,"28.520547675732008, -81.38533020339527"
Florida Rigging & Crane Co. Inc.,1921 S. Division Ave.,1970-1979,"28.519257548769616, -81.38388996106544"
Miami Transfer Co. Inc.,1921 S. Division Ave.,1970-1979,"28.519257548769616, -81.38388996106544"
Penn Dixie Cement Corp.,300 W. Kaley St.,1970-1979,"28.518986302720684, -81.3818346322304"
Roquemore Oil Co. Inc.,2111 S. Division Ave.,1970-1979,"28.517830148642922, -81.38385743223041"
Industrial Supply Corp. of Orlando&comma; Inc.,2109 S. Division Ave.,1970-1979,"28.517821875733407, -81.38332606106546"
Jensen Selsbery Laboratories,2112 S. Division Ave.,1970-1979,"28.517810921549614, -81.38442646106546"
Brogdex Co. (mill supplies),315 W. Grant St.,1970-1979,"28.516875775733872, -81.38181376106552"
Wayne Promotions Inc. (advertising),531 W. Grant St.,1970-1979,"28.516868684448408, -81.38582221873553"
Airco Welding Supply,549 W. Grant St.,1970-1979,"28.516850984454667, -81.38644494757062"
Tee Pee Lumber of Orlando Inc.,118 W. Grant St.,1970-1979,"28.51639264851509, -81.37985718990056"
Dawson Research Corp.,114 W. Grant St.,1970-1979,"28.51632899484551, -81.37984717890123"
Acoustical Distributors Inc.,376 W. Grant St.,1970-1979,"28.516144175734322, -81.38286228990053"
Ramsey Products Inc. (sash; windows; doors and trim dealer),320 W. Grant St.,1970-1979,"28.516077802982416, -81.38162413223041"
National Beverage Co.,2601 S. Division Ave.,1970-1979,"28.51533650304906, -81.38419030339541"
Graybar Elecrtic Co.,2700 S. Division Ave.,1970-1979,"28.514651875735048, -81.38474156106552"
Gordon's Jewelers,3101 W. Colonial Dr.,1970-1979,"28.554910476226443, -81.41497975767008"
Cinema Theatre,3315 W. Colonial Dr.,1970-1979,"28.553148022178295, -81.41762835126025"
Frisch's (restaurant),3240 W. Colonial Dr.,1970-1979,"28.552376371724232, -81.41612998989962"
Rip's One-Hour Martinizing (cleaners),2554 W. Colonial Dr.,1970-1979,"28.55062309987321, -81.41328166106466"
The Hub Bar,47 W. Amelia St.,1970-1979,"28.549536999974816, -81.38016379180003"
Jefferson Court Apartments,1032 W. Jefferson St.,1970-1979,"28.54458162632358, -81.39459360339468"
Lorna Doone Apartments,1617 W. Central Blvd.,1970-1979,"28.54305707572306, -81.40221253412984"
A B C Liquors,545 W. Central Blvd.,1970-1979,"28.542328175723462, -81.38687437830596"
Contractors Equipment-Rental Co.,1331 W. Central Blvd.,1970-1979,"28.542270700628972, -81.39859786296513"
National Van Lines Inc.,2115 W. Central Blvd.,1970-1979,"28.5422475006311, -81.40821566296513"
Orlando Welding Co.,1115 W. Central Blvd.,1970-1979,"28.542230450815147, -81.39503380529473"
Mid-Florida Supply Inc.,311 W. Central Blvd.,1970-1979,"28.542095830715382, -81.38303246721037"
Winfree's Auto & Truck Repair,2118 W. Central Blvd.,1970-1979,"28.54168305076653, -81.40856706296518"
Smith's Paint & Lacquer Co.,729 W. Church St.,1970-1979,"28.540266398482654, -81.39036336469438"
Modernistic Barber Shop,644 W. Church St.,1970-1979,"28.53998909393037, -81.38882845861764"
Gator Freightways,1402 W. Church St.,1970-1979,"28.539781519058742, -81.39936766536505"
Town House Apartments,301 S. Division Ave.,1970-1979,"28.539212093222257, -81.38487649910229"
Anderson Street Apartments,533 W. Anderson St.,1970-1979,"28.53680782651235, -81.38620673222992"
Hoche-Ward Apartments,518 W. Anderson St.,1970-1979,"28.536340702911733, -81.3853689033949"
Nicholas Apartments,3001 Carter St.,1970-1979,"28.53485370320846, -81.40324925995327"
Lucerne Oaks Apartments,118 America St.,1970-1979,"28.533932275724506, -81.38052350339493"
Shady Lyn Apartments,710 S. Division Ave.,1970-1979,"28.53392141958362, -81.38521200094763"
Washington Shores Federal Savings and Loan Bank,715 S. Goldwyn Ave.,1970-1979,"28.532387749936532, -81.4177035322301"
Star Service Station,626 W. Gore St.,1970-1979,"28.530900119854348, -81.38859222978266"
Central Florida Pump & Equipment Inc.,820 W. Gore St.,1970-1979,"28.530803706897157, -81.39133090094762"
Orlando Scottish Rite Bodies,74 W. Gore St.,1970-1979,"28.53061311988003, -81.37936175861768"
Bahia Temple (AAONMS),60 W. Gore St.,1970-1979,"28.530560033759762, -81.37886360902344"
United Paint & Body,920 S. Hughey Ave.,1970-1979,"28.530303549754837, -81.38278223413046"
Colorstone Roofing Co.,818 Atlanta Ave.,1970-1979,"28.52970326751946, -81.38369257456004"
Wm A Killinger (physicians and surgeons),31 Columbia St.,1970-1979,"28.529079801812646, -81.37810220339512"
John P. Michaels (physicians and surgeons),47 Columbia St.,1970-1979,"28.52884112794176, -81.37851266106517"
Frank C. Bone (physicians and surgeons),43 Columbia St.,1970-1979,"28.52841100187282, -81.37832483223013"
Robt. A. Broome Jr. (physicians and surgeons),43 Columbia St.,1970-1979,"28.52841100187282, -81.37832483223013"
Rufus M Holloway Jr. (physicians and surgeons),97 Columbia St.,1970-1979,"28.52815814956067, -81.38039996106514"
James R. Cook (physicians and surgeons),45 Columbia St.,1970-1979,"28.52766524951676, -81.37839210339516"
Columbia Arms Apartments,94 Columbia St.,1970-1979,"28.527632828158563, -81.38029263223017"
American Scrap Metal,1220 Atlanta Ave.,1970-1979,"28.527150980765214, -81.38346016106527"
Atlantic Co.(ice),1601 Atlanta Ave.,1970-1979,"28.52357295546647, -81.38248313223029"
Wash 'n Dry Coin Laundry,501 W. Kaley St.,1970-1979,"28.520432356310632, -81.38497716106541"
American Bakeries Co.,2200 S. Division Ave.,1970-1979,"28.518238548679026, -81.38545773223048"
Orlando Bolt & Screw Co.,2101 S. Division Ave.,1970-1979,"28.518232902788473, -81.38420103223042"
General Printing Ink Co.,2121 S. Division Ave.,1970-1979,"28.51778567573332, -81.38224703223038"
Rinker Materials Corp.,435 W. Grant St.,1970-1979,"28.51678653010409, -81.38443723223045"
Parkwood Plaza Barber Shop,3217 W. Colonial Dr.,1970-1979,"28.55433252806364, -81.41701160339446"
McDonald's Hamburgers,2601 W. Colonial Dr.,1970-1979,"28.55334533370095, -81.41316508269642"
Parkwood Plaza Dry Cleaners,3223 W. Colonial Dr.,1970-1979,"28.55311595846998, -81.41716830857835"
Eckerd Drugs Inc.,2532 W. Colonial Dr.,1970-1979,"28.55056075155238, -81.41259476106468"
Forty One West Jefferson Parking Garage,41 W. Jefferson St.,1970-1979,"28.544922418597967, -81.38010036536505"
Lamar Bar,409 W. Central Blvd.,1970-1979,"28.542175425549036, -81.38431036106479"
Medical Electric Repair Service,906 W. Central Blvd.,1970-1979,"28.54178200067291, -81.39233909180038"
Disabled American Veterans Chapter 16,2040 W. Central Blvd.,1970-1979,"28.541731075723767, -81.40733550529471"
Jazzette Record Shop,549 W. Church St.,1970-1979,"28.540292023565176, -81.38574360886959"
Sunshine Uniform Service Inc.,734 W. Church St.,1970-1979,"28.53969155476665, -81.39047406469442"
Hotel Norman,537 W. Jackson St.,1970-1979,"28.539438651204346, -81.38648796296523"
John H. Webb Jr. (physicians and surgeons),97 Columbia St.,1970-1979,"28.52815814956067, -81.38039996106514"
Woodruff Equipment Inc. (gasoline station equipment),1400 S. Division Ave.,1970-1979,"28.52544584931958, -81.38490273223023"
Spring-Lock Scaffolding of Fla. Inc.,1600 S. Division Ave.,1970-1979,"28.523589496005826, -81.38488176106527"
Goodyear Service Store,1809 S. Division Ave.,1970-1979,"28.521840529197895, -81.3843252322303"
Industrial Chemical & Supply Co.,1817 S. Division Ave.,1970-1979,"28.52132012217519, -81.38429370339527"
Pay-Less Wholsale Cash & Carry Foods,310 W. Grant St.,1970-1979,"28.516077802982416, -81.38165631873554"
Krystal Restaurant,2401 W. Colonial Dr.,1970-1979,"28.553341847460764, -81.4101691033945"
Bethlehem Baptist Church,2019 W. Church St.,1970-1979,"28.540379825574213, -81.40630510339473"
Ware-Rogers Oil Co.,2000 W. Church St.,1970-1979,"28.539880007584113, -81.40565790119739"
Wilcox Shopping Mall,927 S. Goldwyn Ave.,1970-1979,"28.53053625359449, -81.41774953223015"
Stewart Lumber Co. Inc.,2007 S. Division Ave.,1970-1979,"28.519259594846833, -81.38406688990048"
Salvation Army Thrift Store,3955 W. Colonial Dr.,1970-1979,"28.553641075713642, -81.42761293222955"
Goodyear Auto Service,2575 W. Colonial Dr.,1970-1979,"28.553337251799416, -81.4123551322295"
Whitmire's Furniture,815 W. Colonial Dr.,1970-1979,"28.553243881967134, -81.39124672978251"
Mid-State Plumbing Inc,1125 Atlanta Ave.,1970-1979,"28.52837237572758, -81.38323463223017"
Farm City Inc. (feed dealer),1610 Atlanta Ave.,1970-1979,"28.52316205557703, -81.38349233223032"
The Salvation Army Orlando Citadel Corps,440 W. Colonial Dr.,1970-1979,"28.5525076544795, -81.38522850027688"
The Sperry & Hutchinson Company&comma; Inc. (trading stamps),3903 W. Colonial Dr.,1970-1979,"28.553170399644017, -81.42712413222957"
Reed Motors&comma; Inc.,601 N. Garland Ave.,1970-1979,"28.551065975714987, -81.38169376106467"
PPG Industries&comma; Inc.,1705 S. Division Ave.,1970-1979,"28.522966802362582, -81.38439396106534"
Parkwood Plaza Shopping Center,3101 W. Colonial Dr.,1970-1979,"28.554910476226443, -81.41497975767008"
Al's Army Store&comma; Inc.,406 W. Church St.,1970-1979,"28.54013111673749, -81.38446602236446"
Mears Transportation,324 W. Gore St.,1970-1979,"28.530794442000047, -81.3835208002769"
Howard Vernon Motel,600 W. Colonial Dr.,1970-1979,"28.55269154248908, -81.38818107144184"
Ferran Air Conditioning&comma; Electrical & Plumbing,530 Grand St.,1970-1979,"28.526060476886975, -81.38560628022833"
Acme Clutch & Service (Machine Shop),908 W. Central Blvd.,1970-1979,"28.541855050781766, -81.39225386296516"
Bossy Auto Parts,730 W. Central Blvd.,1970-1979,"28.541513000697186, -81.38973703412994"
AJ's Fried Chicken & Seafood,601 W. Church St.,1970-1979,"28.540435560574185, -81.38716343784043"
Parrett True Value Furniture&comma; Inc.,418 W. Church St.,1970-1979,"28.539985842205304, -81.38450918248566"
All Temp. Services Air Conditioning Contractor,714 W. Amelia St.,1970-1979,"28.549125724304695, -81.38990909180005"
Curry's Printing,544 W. Central Blvd.,1970-1979,"28.541599400689428, -81.38667316296515"
Bethel Missionary Baptist Church,654 W. Anderson St.,1970-1979,"28.536307947058965, -81.38878589137815"